{
  "bin_edges": {
    "long_chg1": [
      -0.07999999999999918,
      -0.04999999999999982,
      -0.03999999999999915,
      -0.020000000000000462,
      -0.010000000000000009,
      0.0,
      0.009999999999999787,
      0.020000000000000018,
      0.03000000000000025,
      0.04999999999999982,
      0.07999999999999918
    ],
    "long_chg5": [
      -0.16999999999999993,
      -0.1200000000000001,
      -0.08999999999999986,
      -0.05999999999999961,
      -0.03000000000000025,
      -0.009999999999999787,
      0.019999999999999574,
      0.04999999999999982,
      0.08000000000000007,
      0.11000000000000032,
      0.16999999999999993
    ],
    "long_yield": [
      1.8283333333333305,
      2.39,
      2.97,
      3.66,
      4.22,
      4.65,
      5.13,
      5.72,
      6.15,
      6.71,
      7.62
    ],
    "short_chg1": [
      -0.0699999999999994,
      -0.040000000000000036,
      -0.02999999999999936,
      -0.010000000000000675,
      -0.009999999999999787,
      0.0,
      1e-12,
      0.010000000000000675,
      0.020000000000000462,
      0.040000000000000036,
      0.0600000000000005
    ],
    "short_chg5": [
      -0.15000000000000036,
      -0.09999999999999964,
      -0.06000000000000005,
      -0.03000000000000025,
      -0.019999999999999574,
      0.0,
      0.010000000000000009,
      0.030000000000000027,
      0.050000000000000266,
      0.08999999999999986,
      0.14000000000000057
    ],
    "short_std20": [
      0.01831737742845538,
      0.031199696354989957,
      0.04297796252993582,
      0.053103672189850695,
      0.06259939464982506,
      0.07265455395640197,
      0.08306254235644424,
      0.09417089728140285,
      0.10702618952710136,
      0.12693554090451017,
      0.16165617589241368
    ],
    "short_yield": [
      0.26,
      0.66,
      1.23,
      1.96,
      2.88,
      3.81,
      4.57,
      5.05,
      5.56,
      6.0,
      6.8
    ],
    "spread": [
      0.040000000000000036,
      0.1800000000000006,
      0.3200000000000003,
      0.4800000000000004,
      0.6900000000000002,
      0.87,
      1.0899999999999999,
      1.31,
      1.5999999999999999,
      2.12,
      2.63
    ],
    "spread_chg1": [
      -0.04999999999999982,
      -0.029999999999999805,
      -0.020000000000000018,
      -0.010000000000000231,
      -0.00999999999999975,
      0.0,
      8.881784197001252e-16,
      0.010000000000000009,
      0.019999999999999574,
      0.029999999999999805,
      0.04999999999999982
    ],
    "spread_chg5": [
      -0.10000000000000053,
      -0.0600000000000005,
      -0.040000000000000036,
      -0.02999999999999936,
      -0.010000000000000675,
      0.0,
      0.009999999999999787,
      0.020000000000000462,
      0.040000000000000036,
      0.0600000000000005,
      0.10999999999999943
    ],
    "spread_std20": [
      0.01744414446712031,
      0.023055995909258366,
      0.027984958365827643,
      0.033383733826705266,
      0.039256243217840506,
      0.04593760069810561,
      0.05379195627555794,
      0.06310183915905758,
      0.075489193973772,
      0.09219806076232942,
      0.12253785666392435
    ]
  },
  "horizon_trading_days": 10,
  "n_bins": 12,
  "positive_rate": {
    "test": 0.027903225806451614,
    "train": 0.02894923611370513
  },
  "row_counts": {
    "test": 6200,
    "train": 26771
  },
  "segment_thresholds_train": {
    "10y2y": {
      "tau_short_p75_train": 0.08999999999999986,
      "tau_spread_p85_train": 0.10000000000000009
    },
    "10y3m": {
      "tau_short_p75_train": 0.04999999999999982,
      "tau_spread_p85_train": 0.17999999999999997
    },
    "30y10y": {
      "tau_short_p75_train": 0.10000000000000053,
      "tau_spread_p85_train": 0.05999999999999961
    },
    "5y2y": {
      "tau_short_p75_train": 0.08999999999999986,
      "tau_spread_p85_train": 0.06999999999999984
    }
  },
  "slice_definition": {
    "rule": "slice_high_rate_vol = 1 if short_std20_bin >= 9 (n_bins=12).",
    "slice_column": "slice_high_rate_vol"
  },
  "upstream_cache": "C:\\Users\\user\\Downloads\\AQ_task\\competition_treasury_yieldcurve_inversion20d_regime_shift\\_cache\\par-yield-curve-rates-1990-2023.csv"
}